Fold,Accuracy
Fold 1,0.9625468164794008
Fold 2,0.9700374531835206
Fold 3,0.9586466165413534
Fold 4,0.9661654135338346
Fold 5,0.9624060150375939
