,precision,recall,f1-score,support
StageA,1.0,1.0,1.0,5.0
StageB,1.0,1.0,1.0,5.0
StageC,0.8571428571428571,1.0,0.9230769230769231,6.0
StageD,1.0,0.8,0.8888888888888888,5.0
StageE,1.0,1.0,1.0,5.0
StageF,1.0,1.0,1.0,6.0
accuracy,0.96875,0.96875,0.96875,0.96875
macro avg,0.9761904761904763,0.9666666666666667,0.9686609686609687,32.0
weighted avg,0.9732142857142857,0.96875,0.968215811965812,32.0
