,precision,recall,f1-score,support
StageA,0.9333333333333333,0.9824561403508771,0.9572649572649573,57.0
StageB,1.0,0.9824561403508771,0.9911504424778761,57.0
StageC,0.8909090909090909,0.9074074074074074,0.8990825688073395,54.0
StageD,0.9423076923076923,0.9074074074074074,0.9245283018867925,54.0
StageE,0.9818181818181818,0.9473684210526315,0.9642857142857143,57.0
StageF,0.9818181818181818,1.0,0.9908256880733946,54.0
accuracy,0.954954954954955,0.954954954954955,0.954954954954955,0.954954954954955
macro avg,0.95503108003108,0.9545159194282001,0.9545229454660124,333.0
weighted avg,0.9554820554820554,0.954954954954955,0.9549655785978187,333.0
