,StageA,StageB,StageC,StageD,StageE,StageF
StageA,0.9824561403508599,0.0,0.017543859649122497,0.0,0.0,0.0
StageB,0.017543859649122497,0.9824561403508599,0.0,0.0,0.0,0.0
StageC,0.055555555555554526,0.0,0.9074074074073906,0.018518518518518174,0.018518518518518174,0.0
StageD,0.0,0.0,0.09259259259259088,0.9074074074073906,0.0,0.0
StageE,0.0,0.0,0.0,0.035087719298244995,0.9473684210526149,0.017543859649122497
StageF,0.0,0.0,0.0,0.0,0.0,0.9999999999999815
